계급,직렬,지역,부대,임용예정일
7급,군사정보,경기 양주,25사단,2019.10.1
7급,군수,대전,군수사령부,2019.10.1
7급,기체,충북 음성,특수작전항공단,2019.10.1
7급,수사,서울,5지구수사대,2019.10.1
7급,수사,강원 원주,1지구수사대,2019.10.1
7급,수사,경기 의정부,3지구수사대,2019.10.1
7급,전기,서울,수도방위사령부,2019.10.1
7급,전자,충남 천안,3탄약창,2019.10.1
7급,전자,세종,11탄약창,2019.10.1
7급,전차,세종,방공학교,2019.10.1
7급,전차,강원 인제,3군단,2019.10.1
7급,총포,대전,교육사령부,2019.10.1
7급,항공기관,경기 남양주,107항공대대,2019.10.1
7급,행정,대전,교육사령부,2019.10.1
7급,행정,서울,학군단(서울),2019.10.1
7급,행정,경기 용인,학군단(용인),2019.10.1
7급,행정,경기 수원,학군단(수원),2019.10.1
7급,행정,대전,교육사령부,2019.10.1
7급,행정,강원 춘천,학군단(강원대),2019.10.1
7급,행정,세종,학군단(세종 고려대),2019.10.1
7급,행정,서울,수도방위사령부,2019.10.1
7급,행정,서울,학군단(서울),2019.10.1
7급,행정,인천,학군단(인하대),2019.10.1
7급,행정,대전,교육사령부,2019.10.1
7급,행정,강원 원주,학군단(원주 연세대),2019.10.1
7급,행정,광주(전남),학군단(전남대),2019.10.1
7급,행정,경기 이천,정보학교,2019.10.1
7급,행정,경기 용인,지상작전사령부,2019.10.1
7급,행정,서울,학군단(서울),2019.10.1
7급,행정,경기 용인,학군단(용인),2019.10.1
7급,행정,대전,탄약사령부,2019.10.1
7급,행정,강원 춘천,2군단,2019.10.1
7급,행정,경기 수원,학군단(수원),2019.10.1
7급,행정,경기 안산,학군단(안산 한양대),2019.10.1
7급,행정,경북 구미,학군단(금오공대),2019.10.1
7급,행정,충북 영동,종합행정학교,2019.10.1
7급,행정,대전,교육사령부,2019.10.1
7급,행정,대전,교육사령부,2019.10.1
7급,행정,대구,학군단(경북대),2019.10.1
7급,행정,부산,학군단(부산대),2019.10.1
7급,행정,대전,교육사령부,2019.10.1
7급,행정,서울,육군사관학교,2019.10.1
7급,토목,,,2019.10.1
7급,토목,,,2019.10.1
7급,토목,,,2019.10.1
7급,토목,,,2019.10.1
7급,토목,,,2019.10.1
7급,환경,,,2019.10.1
7급,토목,강원 춘천,2군단사령부,2020.08.01.
7급,환경,전남 장성,상무대근무지원단,2020.08.01.
7급,군사정보,경기 이천,7군단사령부,2020.09.01.
7급,군수,강원 홍천,수송교육단,2020.09.01.
7급,행정,대전,교육사령부,2020.09.01.
7급,행정,대전,군수사령부,2020.09.01.
7급,물리분석,경남 창원,종합정비창,2021.02.01.
7급,행정,충남 계룡,인사사,2021.02.01.
7급,행정,경기 용인,55사단,2021.02.01.
7급,의무기록,,,2021.02.01.
7급,군사정보,강원 인제,3군단,2021.05.01.
7급,행정,충남 계룡,인사사령부,2021.05.01.
7급,행정,강원 철원,3사단,2021.05.01.
7급,행정,대구,2작전사령부,2021.05.01.
7급,의무기록,,,2021.05.01.
7급,행정,대구,5군수지원사령부,2021.07.01.
7급,의무기록,,,2021.07.01.
7급,의무기록,의무실,충남 계룡,2021.09.01.
7급,행정,3군단,강원 인제,2021.09.01.
7급,행정,1군단,경기 고양,2021.09.01.
7급,수사,계룡,육군수사단,2022.02.01.
7급,수사,계룡,육군수사단,2022.02.01.
7급,수사,계룡,육군수사단,2022.02.01.
7급,수사,계룡,육군수사단,2022.02.01.
7급,수사,양주,육군수사단(양주),2022.02.01.
7급,수사,계룡,육군수사단,2022.02.01.
7급,수사,포천,육군수사단(포천),2022.02.01.
7급,수사,양양,육군수사단(양양),2022.02.01.
7급,수사,계룡,육군수사단,2022.02.01.
7급,차량,포천,5군수지원여단(포천),2022.02.01.
7급,차량,양주,6군수지원단(양주),2022.02.01.
7급,차량,포천,5군수지원여단(포천),2022.02.01.
7급,행정,양구,21사단,2022.02.01.
7급,차량,,,2022.02.01.
7급,차량,,,2022.02.01.
7급,차량,,,2022.02.01.
7급,차량,,,2022.02.01.
7급,차량,충남 계룡,육군수사단,2022.05.01.
7급,차량,강원 인제,3군수지원여단,2022.05.01.
7급,차량,강원 인제,3군수지원여단,2022.05.01.
7급,차량,강원 화천,15사단,2022.05.01.
7급,행정,충남 계룡,분석평가단,2022.05.01.
7급,행정,강원 원주,미사일사령부,2022.05.01.
7급,군수,원주,36사단,2022.07.01.
7급,수사,대전,육군수사단(대전),2022.07.01.
7급,행정,원주,미사일사,2022.07.01.
7급,군수,용인,55사단,2022.09.01
7급,군수,인제,3군지여단,2022.09.01
7급,수사,인제,3군단,2022.09.01
7급,행정,삼척,23경비여단,2022.09.01
7급,행정,인제,3군단,2022.09.01
7급,행정,인제,3군단,2022.09.01
7급,건축,용인,지상작전사,2022.12.12
7급,건축,계룡,육군본부 공병실,2022.12.12
7급,건축,인제,3군단,2022.12.12
7급,건축,인제,3군단,2022.12.12
7급,건축,용인,동원전력사,2022.12.12
7급,건축,고양,56사단,2022.12.12
7급,건축,대구,5군지사,2022.12.12
7급,건축,이천,정보학교,2022.12.12
7급,건축,화성,51사단,2022.12.12
7급,건축,,,2022.12.12
7급,건축,장성,상무대근무지원단,2022.12.12
7급,건축,용인,지상작전사,2022.12.12
7급,건축,광명,52사단,2022.12.12
7급,군사정보,용인,동원전력사,2022.12.12
7급,군사정보,파주,1군단(파주),2022.12.12
7급,군사정보,고양,1군단,2022.12.12
7급,군사정보,이천,항공사령부,2022.12.12
7급,군사정보,원주,미사일전략사,2022.12.12
7급,군사정보,보령,32사단(보령),2022.12.12
7급,군사정보,용인,항공정비여단(용인),2022.12.12
7급,군사정보,용인,지상작전사,2022.12.12
7급,군사정보,양평,1군지사(양평),2022.12.12
7급,군사정보,용인,지상작전사,2022.12.12
7급,군사정보,서울,동원전력사(서울),2022.12.12
7급,군사정보,이천,3공수여단,2022.12.12
7급,군사정보,무안,31사단(무안),2022.12.12
7급,군사정보,장성,교육사(장성),2022.12.12
7급,군사정보,원주,항공정비여단(원주),2022.12.12
7급,군사정보,화천,7사단,2022.12.12
7급,군사정보,이천,7공병여단,2022.12.12
7급,군사정보,안양,수도군단,2022.12.12
7급,군사정보,홍천,3기갑여단,2022.12.12
7급,군사정보,포천,5군단,2022.12.12
7급,군사정보,포천,5군단,2022.12.12
7급,군사정보,양평,2신속사단,2022.12.12
7급,군사정보,철원,3사단,2022.12.12
7급,군사정보,강원 고성,22사단,2022.12.12
7급,군사정보,고양,1군단,2022.12.12
7급,군사정보,양주,25사단,2022.12.12
7급,군사정보,춘천,2군단,2022.12.12
7급,군사정보,장성,교육사(장성),2022.12.12
7급,군사정보,춘천,2군단,2022.12.12
7급,군사정보,홍천,20기갑여단,2022.12.12
7급,군사정보,강원 고성,22사단,2022.12.12
7급,군사정보,세종,32사단,2022.12.12
7급,군사정보,논산,항공학교,2022.12.12
7급,군사정보,양양,102기갑여단,2022.12.12
7급,군사정보,대구,2작사,2022.12.12
7급,군사정보,경남 고성,39사단(경남 고성),2022.12.12
7급,군사정보,화천,7사단,2022.12.12
7급,군사정보,영천,2작사(영천),2022.12.12
7급,군사정보,원주,미사일전략사,2022.12.12
7급,군사정보,대구,2작사,2022.12.12
7급,군사정보,세종,32사단,2022.12.12
7급,군사정보,인제,12사단,2022.12.12
7급,군사정보,임실,35사단,2022.12.12
7급,군사정보,창원,종합정비창,2022.12.12
7급,군사정보,익산,7공수여단,2022.12.12
7급,군사정보,파주,1군단(파주),2022.12.12
7급,군사정보,진주,39사단(진주),2022.12.12
7급,군사정보,순창,미사일전략사(순창),2022.12.12
7급,군사정보,논산,항공정비여단(논산),2022.12.12
7급,군사정보,양구,21사단,2022.12.12
7급,군수,가평,수기사단,2022.12.12
7급,군수,서울,육군사관학교,2022.12.12
7급,군수,파주,1군단(파주),2022.12.12
7급,군수,이천,특전사,2022.12.12
7급,군수,과천,1방공여단,2022.12.12
7급,군수,춘천,2군단,2022.12.12
7급,군수,가평,수기사단,2022.12.12
7급,군수,고양,1군단,2022.12.12
7급,군수,이천,종합정비창(이천),2022.12.12
7급,군수,포천,5군단,2022.12.12
7급,군수,인제,3군단,2022.12.12
7급,군수,고양,56사단,2022.12.12
7급,군수,안양,수도방위사령부(안양),2022.12.12
7급,군수,포천,5군단,2022.12.12
7급,군수,양평,1군지사(양평),2022.12.12
7급,군수,포천,5군단,2022.12.12
7급,군수,인제,3군단,2022.12.12
7급,군수,안양,수도군단,2022.12.12
7급,군수,원주,1군지사,2022.12.12
7급,군수,,,2022.12.12
7급,군수,안양,동원전력사(안양),2022.12.12
7급,군수,원주,1군지사,2022.12.12
7급,군수,포천,5군단,2022.12.12
7급,군수,안양,수도군단,2022.12.12
7급,군수,파주,1군단(파주),2022.12.12
7급,군수,화성,동원전력사(화성),2022.12.12
7급,군수,화천,2군단(화천),2022.12.12
7급,군수,서울,수도방위사령부,2022.12.12
7급,군수,홍천,3군수지원여단(홍천),2022.12.12
7급,군수,화천,2군단(화천),2022.12.12
7급,군수,포천,5군단,2022.12.12
7급,군수,인제,3군단,2022.12.12
7급,군수,포천,5군단,2022.12.12
7급,군수,고양,60사단,2022.12.12
7급,군수,시흥,1군지사(시흥),2022.12.12
7급,군수,여주,7군단(여주),2022.12.12
7급,군수,파주,1군단(파주),2022.12.12
7급,군수,가평,66사단,2022.12.12
7급,군수,서울,수도방위사령부,2022.12.12
7급,군수,용인,지상작전사,2022.12.12
7급,군수,춘천,2군단,2022.12.12
7급,군수,이천,항공사령부,2022.12.12
7급,군수,원주,1군지사,2022.12.12
7급,군수,화천,2군단(화천),2022.12.12
7급,군수,남양주,7공병여단(남양주),2022.12.12
7급,군수,인제,3군단,2022.12.12
7급,군수,강릉,1군지사(강릉),2022.12.12
7급,군수,서울,육군사관학교,2022.12.12
7급,군수,원주,1군지사,2022.12.12
7급,군수,화천,2군단(화천),2022.12.12
7급,군수,대전,2작사(대전),2022.12.12
7급,군수,부산,동원전력사(부산),2022.12.12
7급,군수,양평,1군지사(양평),2022.12.12
7급,군수,인천,수도군단(인천),2022.12.12
7급,군수,원주,36사단,2022.12.12
7급,군수,원주,1군지사,2022.12.12
7급,군수,고양,56사단,2022.12.12
7급,군수,포천,5군단,2022.12.12
7급,군수,포천,5군단,2022.12.12
7급,군수,평택,51사단(평택),2022.12.12
7급,군수,원주,1군지사,2022.12.12
7급,군수,부천,수도군단(부천),2022.12.12
7급,군수,양평,1군지사(양평),2022.12.12
7급,군수,남양주,동원전력사(남양주),2022.12.12
7급,군수,,,2022.12.12
7급,군수,,,2022.12.12
7급,군수,남양주,동원전력사(남양주),2022.12.12
7급,군수,인제,3군단,2022.12.12
7급,군수,이천,종합정비창(이천),2022.12.12
7급,군수,포천,5군단,2022.12.12
7급,군수,장성,5군지사(장성),2022.12.12
7급,군수,남양주,동원전력사(남양주),2022.12.12
7급,군수,가평,종합군수학교(가평),2022.12.12
7급,군수,시흥,1군지사(시흥),2022.12.12
7급,군수,철원,5군단(철원),2022.12.12
7급,군수,인제,3군단,2022.12.12
7급,군수,김포,수도포병여단(김포),2022.12.12
7급,군수,인천,1군지사(인천),2022.12.12
7급,군수,화천,2군단(화천),2022.12.12
7급,군수,광명,52사단,2022.12.12
7급,군수,연천,5사단,2022.12.12
7급,군수,이천,항공사령부,2022.12.12
7급,군수,춘천,2군단,2022.12.12
7급,군수,인제,3군단,2022.12.12
7급,군수,원주,1군지사,2022.12.12
7급,군수,화성,51사단,2022.12.12
7급,군수,원주,36사단,2022.12.12
7급,군수,고양,1군단,2022.12.12
7급,군수,춘천,2군단,2022.12.12
7급,군수,화성,동원전력사(화성),2022.12.12
7급,군수,화성,51사단,2022.12.12
7급,군수,인제,3군단,2022.12.12
7급,군수,여주,미사일전략사(여주),2022.12.12
7급,군수,춘천,2군단,2022.12.12
7급,군수,원주,1군지사,2022.12.12
7급,군수,화성,51사단,2022.12.12
7급,군수,원주,1군지사,2022.12.12
7급,군수,포천,5군단,2022.12.12
7급,군수,포천,5군단,2022.12.12
7급,군수,파주,1군단(파주),2022.12.12
7급,군수,인제,3군단,2022.12.12
7급,군수,철원,5군단(철원),2022.12.12
7급,군수,화성,51사단,2022.12.12
7급,군수,양구,21사단,2022.12.12
7급,군수,화성,51사단,2022.12.12
7급,군수,이천,특전사,2022.12.12
7급,군수,양평,1군지사(양평),2022.12.12
7급,군수,포천,5군단,2022.12.12
7급,군수,춘천,2군단,2022.12.12
7급,군수,장성,교육사(장성),2022.12.12
7급,군수,인제,3군단,2022.12.12
7급,군수,인제,3군단,2022.12.12
7급,군수,서울,수도방위사령부,2022.12.12
7급,군수,고양,1군단,2022.12.12
7급,군수,서울,수도방위사령부,2022.12.12
7급,군수,포천,5군단,2022.12.12
7급,군수,양주,1군단(양주),2022.12.12
7급,군수,포천,5군단,2022.12.12
7급,군수,남양주,동원전력사(남양주),2022.12.12
7급,군수,홍천,3기갑여단,2022.12.12
7급,군수,남양주,1군지사(남양주),2022.12.12
7급,군수,포천,5군단,2022.12.12
7급,군수,남양주,1군지사(남양주),2022.12.12
7급,군수,포천,5군단,2022.12.12
7급,군수,고양,1군단,2022.12.12
7급,군수,남양주,동원전력사(남양주),2022.12.12
7급,군수,원주,1군지사,2022.12.12
7급,군수,대전,군수사,2022.12.12
7급,군수,춘천,2군단,2022.12.12
7급,군수,인천,1군지사(인천),2022.12.12
7급,군수,인천,수도군단(인천),2022.12.12
7급,군수,인제,3군단,2022.12.12
7급,군수,춘천,2군단,2022.12.12
7급,군수,강릉,1군지사(강릉),2022.12.12
7급,군수,,,2022.12.12
7급,군수,춘천,1군지사(춘천),2022.12.12
7급,군수,원주,36사단,2022.12.12
7급,군수,춘천,2군단,2022.12.12
7급,군수,원주,1군지사,2022.12.12
7급,군수,강릉,1군지사(강릉),2022.12.12
7급,군수,음성,미사일전략사(음성),2022.12.12
7급,군수,양주,8기동사단,2022.12.12
7급,군수,원주,1군지사,2022.12.12
7급,군수,포천,5군단,2022.12.12
7급,군수,원주,1군지사,2022.12.12
7급,군수,춘천,2군단,2022.12.12
7급,군수,홍성,32사단(홍성),2022.12.12
7급,군수,가평,66사단,2022.12.12
7급,군수,포천,5군단,2022.12.12
7급,군수,세종,동원전력사(세종),2022.12.12
7급,군수,원주,1군지사,2022.12.12
7급,군수,강원 고성,22사단,2022.12.12
7급,군수,세종,32사단,2022.12.12
7급,군수,강릉,1군지사(강릉),2022.12.12
7급,군수,세종,32사단,2022.12.12
7급,군수,영월,36사단(영월),2022.12.12
7급,군수,세종,32사단,2022.12.12
7급,군수,인제,3군단,2022.12.12
7급,군수,증평,동원전력사(증평),2022.12.12
7급,군수,용인,지상작전사,2022.12.12
7급,군수,포천,5군단,2022.12.12
7급,군수,인제,3군단,2022.12.12
7급,군수,증평,37사단,2022.12.12
7급,군수,강원 고성,22사단,2022.12.12
7급,군수,춘천,2군단,2022.12.12
7급,군수,인제,3군단,2022.12.12
7급,군수,남양주,7공병여단(남양주),2022.12.12
7급,군수,인제,3군단,2022.12.12
7급,군수,정읍,35사단(정읍),2022.12.12
7급,군수,홍천,종합군수학교(홍천),2022.12.12
7급,군수,담양,미사일전략사(담양),2022.12.12
7급,군수,장성,교육사(장성),2022.12.12
7급,군수,임실,35사단,2022.12.12
7급,군수,춘천,2군단,2022.12.12
7급,군수,광명,52사단,2022.12.12
7급,군수,포천,5군단,2022.12.12
7급,군수,춘천,2군단,2022.12.12
7급,군수,전남 광주,동원전력사(전남 광주),2022.12.12
7급,군수,춘천,2군단,2022.12.12
7급,군수,용인,동원전력사,2022.12.12
7급,군수,완주,35사단(완주),2022.12.12
7급,군수,보령,32사단(보령),2022.12.12
7급,군수,완주,동원전력사(완주),2022.12.12
7급,군수,임실,35사단,2022.12.12
7급,군수,,,2022.12.12
7급,군수,,,2022.12.12
7급,군수,임실,35사단,2022.12.12
7급,군수,강릉,1군지사(강릉),2022.12.12
7급,군수,안양,동원전력사(안양),2022.12.12
7급,군수,대구,2작사,2022.12.12
7급,군수,인제,3군단,2022.12.12
7급,군수,원주,1군지사,2022.12.12
7급,군수,영천,2작사(영천),2022.12.12
7급,군수,증평,동원전력사(증평),2022.12.12
7급,군수,창녕,39사단(창녕),2022.12.12
7급,군수,증평,37사단,2022.12.12
7급,군수,안동,동원전력사(안동),2022.12.12
7급,군수,홍천,11기동사단,2022.12.12
7급,군수,포천,5군단,2022.12.12
7급,군수,화천,2군단(화천),2022.12.12
7급,군수,인제,3군단,2022.12.12
7급,군수,,,2022.12.12
7급,군수,영천,육군3사관학교,2022.12.12
7급,군수,포천,5군단,2022.12.12
7급,군수,세종,32사단,2022.12.12
7급,군수,양구,21사단,2022.12.12
7급,군수,원주,1군지사,2022.12.12
7급,군수,함안,39사단,2022.12.12
7급,군수,춘천,2군단,2022.12.12
7급,군수,제천,탄약사(제천),2022.12.12
7급,군수,부산,53사단,2022.12.12
7급,군수,부산,53사단,2022.12.12
7급,군수,포천,5군단,2022.12.12
7급,군수,원주,1군지사,2022.12.12
7급,군수,부산,동원전력사(부산),2022.12.12
7급,군수,강릉,1군지사(강릉),2022.12.12
7급,군수,이천,항공사령부,2022.12.12
7급,군수,강원 고성,22사단,2022.12.12
7급,군수,원주,1군지사,2022.12.12
7급,군수,포천,5군단,2022.12.12
7급,군수,이천,항공사령부,2022.12.12
7급,군수,울산,53사단(울산),2022.12.12
7급,군수,진주,39사단(진주),2022.12.12
7급,군수,인제,과학화전투훈련단,2022.12.12
7급,군수,양평,1군지사(양평),2022.12.12
7급,군수,,,2022.12.12
7급,군수,,,2022.12.12
7급,군수,고양,1군단,2022.12.12
7급,군수,창원,종합정비창,2022.12.12
7급,군수,함안,39사단,2022.12.12
7급,군수,임실,탄약사(임실),2022.12.12
7급,군수,홍천,11기동사단,2022.12.12
7급,군수,제천,미사일전략사(제천),2022.12.12
7급,군수,창원,종합정비창,2022.12.12
7급,군수,화천,2군단(화천),2022.12.12
7급,군수,화천,2군단(화천),2022.12.12
7급,군수,강릉,1군지사(강릉),2022.12.12
7급,군수,금산,32사단(금산),2022.12.12
7급,군수,인제,3군단,2022.12.12
7급,군수,가평,66사단,2022.12.12
7급,군수,함안,39사단,2022.12.12
7급,군수,이천,55사단(이천),2022.12.12
7급,군수,양평,1군지사(양평),2022.12.12
7급,군수,화천,2군단(화천),2022.12.12
7급,군수,원주,1군지사,2022.12.12
7급,군수,안동,동원전력사(안동),2022.12.12
7급,군수,경남 고성,39사단(경남 고성),2022.12.12
7급,군수,완주,동원전력사(완주),2022.12.12
7급,기체,춘천,2군단,2022.12.12
7급,기체,논산,항공학교,2022.12.12
7급,기체,인천,수도군단(인천),2022.12.12
7급,기체,,,2022.12.12
7급,기체,음성,2항공여단(음성),2022.12.12
7급,기체,하남,항공정비여단(하남),2022.12.12
7급,기체,,,2022.12.12
7급,기체,양평,항공사령부(양평),2022.12.12
7급,기체,논산,항공정비여단(논산),2022.12.12
7급,기체,춘천,2군단,2022.12.12
7급,기체,논산,항공정비여단(논산),2022.12.12
7급,기체,포천,5군수지원여단,2022.12.12
7급,기체,양주,1군단(양주),2022.12.12
7급,기체,하남,항공정비여단(하남),2022.12.12
7급,기체,장성,5군지사(장성),2022.12.12
7급,기체,논산,항공정비여단(논산),2022.12.12
7급,기체,춘천,2군단,2022.12.12
7급,기체,이천,1항공여단(이천),2022.12.12
7급,기체,논산,항공학교,2022.12.12
7급,기체,인제,3군수지원여단,2022.12.12
7급,기체,전주,2작사(전주),2022.12.12
7급,기체,이천,1항공여단(이천),2022.12.12
7급,기체,세종,2항공여단(세종),2022.12.12
7급,기체,,,2022.12.12
7급,기체,전주,2작사(전주),2022.12.12
7급,기체,논산,항공정비여단(논산),2022.12.12
7급,기체,대구,5군지사,2022.12.12
7급,기체,,,2022.12.12
7급,기체,,,2022.12.12
7급,물리분석,,,2022.12.12
7급,사이버,계룡,사이버작전센터,2022.12.12
7급,사이버,춘천,2군단,2022.12.12
7급,사이버,계룡,사이버작전센터,2022.12.12
7급,사이버,세종,32사단,2022.12.12
7급,사이버,계룡,육군본부 정보화부,2022.12.12
7급,사이버,인제,3군단,2022.12.12
7급,사이버,용인,동원전력사,2022.12.12
7급,사이버,안양,수도군단,2022.12.12
7급,사이버,춘천,2군단,2022.12.12
7급,사이버,용인,지상작전사,2022.12.12
7급,사이버,계룡,육군본부 정보화부,2022.12.12
7급,사이버,증평,37사단,2022.12.12
7급,사이버,대전,군수사,2022.12.12
7급,사이버,임실,35사단,2022.12.12
7급,사이버,연천,5사단,2022.12.12
7급,사이버,대구,2작사,2022.12.12
7급,사이버,부산,53사단,2022.12.12
7급,사이버,함안,39사단,2022.12.12
7급,수사,인제,12사단,2022.12.12
7급,수사,대구,2작사,2022.12.12
7급,수사,고양,1군단,2022.12.12
7급,수사,춘천,2군단,2022.12.12
7급,수사,,,2022.12.12
7급,수사,화천,7사단,2022.12.12
7급,수사,영천,육군3사관학교,2022.12.12
7급,시설,과천,1방공여단,2022.12.12
7급,시설,남양주,동원전력사(남양주),2022.12.12
7급,시설,김해,39사단(김해),2022.12.12
7급,시설,강원 고성,102기갑여단,2022.12.12
7급,시설,양평,2신속사단,2022.12.12
7급,시설,파주,1포병여단(파주),2022.12.12
7급,시설,울산,53사단(울산),2022.12.12
7급,시설,화천,7사단,2022.12.12
7급,시설,남양주,동원전력사(남양주),2022.12.12
7급,시설,포천,5군단,2022.12.12
7급,시설,포천,5군단,2022.12.12
7급,시설,홍성,32사단(홍성),2022.12.12
7급,시설,인제,3포병여단,2022.12.12
7급,시설,철원,5포병여단(철원),2022.12.12
7급,시설,홍천,3기갑여단,2022.12.12
7급,시설,옥천,37사단(옥천),2022.12.12
7급,시설,양주,72사단,2022.12.12
7급,시설,안동,동원전력사(안동),2022.12.12
7급,시설,홍천,20기갑여단,2022.12.12
7급,시설,고양,56사단,2022.12.12
7급,시설,고양,60사단,2022.12.12
7급,시설,합천,39사단(합천),2022.12.12
7급,시설,남양주,동원전력사(남양주),2022.12.12
7급,영상,,,2022.12.12
7급,영상,인천,17사단,2022.12.12
7급,영상,연천,5사단,2022.12.12
7급,영상,인제,과학화전투훈련단,2022.12.12
7급,영상,장성,상무대근무지원단,2022.12.12
7급,영상,고양,56사단,2022.12.12
7급,영상,,,2022.12.12
7급,영양관리,홍천,3군단(홍천),2022.12.12
7급,영양관리,포천,5군단,2022.12.12
7급,영양관리,양평,1군지사(양평),2022.12.12
7급,영양관리,대구,50사단,2022.12.12
7급,영양관리,양평,1군지사(양평),2022.12.12
7급,영양관리,안동,50사단(안동),2022.12.12
7급,영양관리,울진,50사단(울진),2022.12.12
7급,영양관리,고양,1포병여단,2022.12.12
7급,영양관리,포천,5군단,2022.12.12
7급,영양관리,원주,항공정비여단(원주),2022.12.12
7급,영양관리,양구,21사단,2022.12.12
7급,영양관리,화천,2군단(화천),2022.12.12
7급,영양관리,세종,32사단,2022.12.12
7급,영양관리,파주,1군단(파주),2022.12.12
7급,영양관리,화천,2군단(화천),2022.12.12
7급,영양관리,춘천,2공병여단,2022.12.12
7급,영양관리,포천,5군단,2022.12.12
7급,영양관리,파주,1군단(파주),2022.12.12
7급,영양관리,부산,53사단,2022.12.12
7급,영양관리,정읍,35사단(정읍),2022.12.12
7급,영양관리,인제,3군수지원여단,2022.12.12
7급,영양관리,남원,35사단(남원),2022.12.12
7급,영양관리,함안,39사단,2022.12.12
7급,영양관리,춘천,2공병여단,2022.12.12
7급,영양관리,논산,항공정비여단(논산),2022.12.12
7급,영양관리,구미,50사단(구미),2022.12.12
7급,영양관리,강릉,1군지사(강릉),2022.12.12
7급,영양관리,철원,3사단,2022.12.12
7급,영양관리,홍천,3군단(홍천),2022.12.12
7급,영양관리,영천,50사단(영천),2022.12.12
7급,영양관리,원주,1군지사,2022.12.12
7급,유도무기,시흥,1군지사(시흥),2022.12.12
7급,유도무기,포천,5군수지원여단,2022.12.12
7급,유도무기,시흥,1군지사(시흥),2022.12.12
7급,유도무기,양주,1군지사(양주),2022.12.12
7급,유도무기,포천,5군수지원여단,2022.12.12
7급,유도무기,포천,5군수지원여단,2022.12.12
7급,유도무기,시흥,1군지사(시흥),2022.12.12
7급,유도무기,춘천,2군수지원여단,2022.12.12
7급,유도무기,파주,1군단(파주),2022.12.12
7급,유도무기,포천,5군수지원여단,2022.12.12
7급,유도무기,광명,수도군단(광명),2022.12.12
7급,유도무기,포천,5군수지원여단,2022.12.12
7급,유도무기,원주,미사일전략사,2022.12.12
7급,유도무기,포천,5군수지원여단,2022.12.12
7급,유도무기,고양,1군수지원여단,2022.12.12
7급,의공,포천,5군수지원여단,2022.12.12
7급,의공,포천,5군수지원여단,2022.12.12
7급,의공,익산,부사관학교,2022.12.12
7급,의공,인제,3군수지원여단,2022.12.12
7급,의무기록,계룡,육군본부 의무실,2022.12.12
7급,의무기록,임실,35사단,2022.12.12
7급,의무기록,원주,36사단,2022.12.12
7급,의무기록,부산,53사단,2022.12.12
7급,인쇄,,,2022.12.12
7급,일반기계,,,2022.12.12
7급,일반기계,춘천,2군수지원여단,2022.12.12
7급,전산,인제,3군단,2022.12.12
7급,전산,홍천,11기동사단,2022.12.12
7급,전산,춘천,2군단,2022.12.12
7급,전산,인제,과학화전투훈련단,2022.12.12
7급,전산,서울,수도방위사령부,2022.12.12
7급,전산,증평,37사단,2022.12.12
7급,전산,인제,3군단,2022.12.12
7급,전산,화천,2군단(화천),2022.12.12
7급,전산,장성,화생방학교,2022.12.12
7급,전산,춘천,2군단,2022.12.12
7급,전산,대전,5군지사(대전),2022.12.12
7급,전산,포천,5군단,2022.12.12
7급,전산,화천,2군단(화천),2022.12.12
7급,전산,용인,지상작전사,2022.12.12
7급,전산,이천,7군단,2022.12.12
7급,전산,홍천,3기갑여단,2022.12.12
7급,전자,시흥,1군지사(시흥),2022.12.12
7급,전자,양주,1군단(양주),2022.12.12
7급,전자,하남,수도군단(하남),2022.12.12
7급,전자,원주,미사일전략사,2022.12.12
7급,전자,용인,7군단(용인),2022.12.12
7급,전자,춘천,2군단,2022.12.12
7급,전자,춘천,2군단,2022.12.12
7급,전자,충주,탄약사(충주),2022.12.12
7급,전자,인천,1공수여단(인천),2022.12.12
7급,전차,양주,8기동사단,2022.12.12
7급,지도,포천,5군단,2022.12.12
7급,지도,양평,11기동사단(양평),2022.12.12
7급,지도,,,2022.12.12
7급,지도,이천,항공사령부,2022.12.12
7급,지도,고양,1군단,2022.12.12
7급,지도,인제,3군단,2022.12.12
7급,지도,이천,7군단,2022.12.12
7급,지도,안양,수도군단,2022.12.12
7급,지도,서울,수도방위사령부,2022.12.12
7급,지도,,,2022.12.12
7급,토목,,,2022.12.12
7급,토목,,,2022.12.12
7급,토목,대구,2작사,2022.12.12
7급,토목,,,2022.12.12
7급,통신,춘천,2군단,2022.12.12
7급,통신,하남,1항공여단,2022.12.12
7급,통신,포천,5군단,2022.12.12
7급,통신,인제,3군단,2022.12.12
7급,통신,파주,1포병여단(파주),2022.12.12
7급,통신,원주,미사일전략사,2022.12.12
7급,통신,서울,수도방위사령부,2022.12.12
7급,통신,용인,7군단(용인),2022.12.12
7급,통신,고양,56사단,2022.12.12
7급,통신,양주,28사단(양주),2022.12.12
7급,통신,이천,항공사령부,2022.12.12
7급,통신,포천,5군단,2022.12.12
7급,통신,익산,부사관학교,2022.12.12
7급,통신,춘천,2군단,2022.12.12
7급,통신,이천,항공사령부,2022.12.12
7급,통신,춘천,2군단,2022.12.12
7급,통신,이천,항공사령부,2022.12.12
7급,통신,춘천,2군단,2022.12.12
7급,항공기관,포천,5군단,2022.12.12
7급,항공기관,양평,7군단(양평),2022.12.12
7급,항공기관,하남,항공정비여단(하남),2022.12.12
7급,항공기관,원주,항공정비여단(원주),2022.12.12
7급,항공기관,인제,3군단,2022.12.12
7급,항공기관,양주,1군지사(양주),2022.12.12
7급,항공기관,논산,항공정비여단(논산),2022.12.12
7급,항공기관,양주,1군단(양주),2022.12.12
7급,항공기관,용인,7군단(용인),2022.12.12
7급,항공기관,양주,1군단(양주),2022.12.12
7급,항공기관,하남,수도군단(하남),2022.12.12
7급,항공기관,포천,5군단,2022.12.12
7급,항공기관,춘천,2군단,2022.12.12
7급,항공기관,인제,3군단,2022.12.12
7급,항공기관,대구,5군지사,2022.12.12
7급,항공기관,논산,항공정비여단(논산),2022.12.12
7급,행정,용인,지상작전사,2022.12.12
7급,행정,논산,교육사(논산),2022.12.12
7급,행정,계룡,육군본부 법무실,2022.12.12
7급,행정,대구,2작사,2022.12.12
7급,행정,원주,지상작전사(원주),2022.12.12
7급,행정,양평,1군지사(양평),2022.12.12
7급,행정,춘천,2군단,2022.12.12
7급,행정,고양,1군단,2022.12.12
7급,행정,양주,8기동사단,2022.12.12
7급,행정,이천,항공사령부,2022.12.12
7급,행정,양평,1군지사(양평),2022.12.12
7급,행정,음성,미사일전략사,2022.12.12
7급,행정,인제,3군단,2022.12.12
7급,행정,광명,52사단,2022.12.12
7급,행정,이천,7군단,2022.12.12
7급,행정,대구,2작사,2022.12.12
7급,행정,안양,1군지사(안양),2022.12.12
7급,행정,강원 고성,22사단,2022.12.12
7급,행정,광명,52사단,2022.12.12
7급,행정,인제,3군단,2022.12.12
7급,행정,포천,5군단,2022.12.12
7급,행정,파주,1군단(파주),2022.12.12
7급,행정,양평,2신속사단,2022.12.12
7급,행정,포천,5군단,2022.12.12
7급,행정,가평,수기사단,2022.12.12
7급,행정,평택,인사사(평택),2022.12.12
7급,행정,서울,수도방위사령부,2022.12.12
7급,행정,원주,지상작전사(원주),2022.12.12
7급,행정,대전,군수사,2022.12.12
7급,행정,과천,1방공여단,2022.12.12
7급,행정,안양,수도군단,2022.12.12
7급,행정,안양,수도군단,2022.12.12
7급,행정,고양,56사단,2022.12.12
7급,행정,서울,수도방위사령부,2022.12.12
7급,행정,강원 고성,22사단,2022.12.12
7급,행정,계룡,육군군사연구소,2022.12.12
7급,행정,화천,2군단(화천),2022.12.12
7급,행정,인제,3군단,2022.12.12
7급,행정,양주,지상작전사(양주),2022.12.12
7급,행정,세종,탄약사(세종),2022.12.12
7급,행정,인천,1군지사(인천),2022.12.12
7급,행정,양주,72사단,2022.12.12
7급,행정,가평,66사단,2022.12.12
7급,행정,고양,1군단,2022.12.12
7급,행정,양구,21사단,2022.12.12
7급,행정,동두천,28사단,2022.12.12
7급,행정,영동,탄약사(영동),2022.12.12
7급,행정,포천,5군단,2022.12.12
7급,행정,포천,5군단,2022.12.12
7급,행정,서울,수도방위사령부,2022.12.12
7급,행정,남양주,1군지사(남양주),2022.12.12
7급,행정,철원,3사단,2022.12.12
7급,행정,양주,25사단,2022.12.12
7급,행정,홍천,20기갑여단,2022.12.12
7급,행정,화천,2군단(화천),2022.12.12
7급,행정,이천,항공사령부,2022.12.12
7급,행정,서울,수도방위사령부,2022.12.12
7급,행정,시흥,1군지사(시흥),2022.12.12
7급,행정,인천,17사단,2022.12.12
7급,행정,포천,5군단,2022.12.12
7급,행정,인제,3군단,2022.12.12
7급,행정,춘천,2군단,2022.12.12
7급,행정,이천,7군단,2022.12.12
7급,행정,이천,항공사령부,2022.12.12
7급,행정,논산,교육사(논산),2022.12.12
7급,행정,고양,56사단,2022.12.12
7급,행정,안양,수도군단,2022.12.12
7급,행정,세종,32사단,2022.12.12
7급,행정,논산,교육사(논산),2022.12.12
7급,행정,고양,1군단,2022.12.12
7급,행정,포천,5군단,2022.12.12
7급,행정,원주,미사일전략사,2022.12.12
7급,행정,고양,1군단,2022.12.12
7급,행정,홍천,11기동사단,2022.12.12
7급,행정,파주,1군단(파주),2022.12.12
7급,행정,춘천,2군단,2022.12.12
7급,행정,양구,21사단,2022.12.12
7급,행정,이천,7군단,2022.12.12
7급,행정,용인,지상작전사,2022.12.12
7급,행정,춘천,2군단,2022.12.12
7급,행정,양주,5기갑여단,2022.12.12
7급,행정,인제,3군단,2022.12.12
7급,행정,용인,지상작전사,2022.12.12
7급,행정,이천,7군단,2022.12.12
7급,행정,인제,3군단,2022.12.12
7급,행정,시흥,수도포병여단,2022.12.12
7급,행정,포천,5군단,2022.12.12
7급,행정,안양,수도군단,2022.12.12
7급,행정,이천,종합정비창(이천),2022.12.12
7급,행정,이천,7군단,2022.12.12
7급,행정,파주,1군단(파주),2022.12.12
7급,행정,음성,특전사(음성),2022.12.12
7급,행정,원주,지상작전사(원주),2022.12.12
7급,행정,춘천,2군단,2022.12.12
7급,행정,양평,1군지사(양평),2022.12.12
7급,행정,천안,탄약사(천안),2022.12.12
7급,행정,포천,5군단,2022.12.12
7급,행정,파주,1군단(파주),2022.12.12
7급,행정,남양주,7포병여단,2022.12.12
7급,행정,남양주,동원전력사(남양주),2022.12.12
7급,행정,연천,5사단,2022.12.12
7급,행정,포천,5군단,2022.12.12
7급,행정,포천,5군단,2022.12.12
7급,행정,고양,1군단,2022.12.12
7급,행정,광명,52사단,2022.12.12
7급,행정,춘천,2군단,2022.12.12
7급,행정,계룡,육군본부 감찰실,2022.12.12
7급,행정,강원 고성,22사단,2022.12.12
7급,행정,시흥,1군지사(시흥),2022.12.12
7급,행정,춘천,2군단,2022.12.12
7급,행정,춘천,2군단,2022.12.12
7급,행정,인제,3군단,2022.12.12
7급,행정,고양,60사단,2022.12.12
7급,행정,용인,지상작전사,2022.12.12
7급,행정,용인,지상작전사,2022.12.12
7급,행정,용인,지상작전사,2022.12.12
7급,행정,용인,항공정비여단(용인),2022.12.12
7급,행정,경기 광주,지상작전사(경기 광주),2022.12.12
7급,행정,안양,수도군단,2022.12.12
7급,행정,화성,51사단,2022.12.12
7급,행정,용인,지상작전사,2022.12.12
7급,행정,양주,5기갑여단,2022.12.12
7급,행정,안양,수도군단,2022.12.12
7급,행정,포천,5군단,2022.12.12
7급,행정,양주,지상작전사(양주),2022.12.12
7급,행정,대전,군수사,2022.12.12
7급,행정,화천,2군단(화천),2022.12.12
7급,행정,이천,항공사령부,2022.12.12
7급,행정,남양주,동원전력사(남양주),2022.12.12
7급,행정,고양,1군단,2022.12.12
7급,행정,양주,8기동사단,2022.12.12
7급,행정,인제,3군단,2022.12.12
7급,행정,고양,1군단,2022.12.12
7급,행정,원주,지상작전사(원주),2022.12.12
7급,행정,원주,미사일전략사,2022.12.12
7급,행정,원주,지상작전사(원주),2022.12.12
7급,행정,양양,102기갑여단,2022.12.12
7급,행정,강원 고성,22사단,2022.12.12
7급,행정,논산,교육사(논산),2022.12.12
7급,행정,양구,21사단,2022.12.12
7급,행정,고양,1군단,2022.12.12
7급,행정,계룡,인사사령부,2022.12.12
7급,행정,대전,군수사,2022.12.12
7급,행정,원주,미사일전략사,2022.12.12
7급,행정,계룡,육군군사연구소,2022.12.12
7급,행정,홍천,3기갑여단,2022.12.12
7급,행정,춘천,2군단,2022.12.12
7급,행정,대전,2작사(대전),2022.12.12
7급,행정,음성,미사일전략사,2022.12.12
7급,행정,인제,3군단,2022.12.12
7급,행정,계룡,육군본부 법무실,2022.12.12
7급,행정,천안,탄약사(천안),2022.12.12
7급,행정,대전,군수사,2022.12.12
7급,행정,인제,3군단,2022.12.12
7급,행정,홍천,20기갑여단,2022.12.12
7급,행정,화천,2군단(화천),2022.12.12
7급,행정,인제,과학화전투훈련단,2022.12.12
7급,행정,장성,교육사(장성),2022.12.12
7급,행정,장성,교육사(장성),2022.12.12
7급,행정,증평,13특임여단,2022.12.12
7급,행정,양평,1군지사(양평),2022.12.12
7급,행정,장성,교육사(장성),2022.12.12
7급,행정,이천,7군단,2022.12.12
7급,행정,임실,탄약사(임실),2022.12.12
7급,행정,화천,2군단(화천),2022.12.12
7급,행정,포천,5군단,2022.12.12
7급,행정,장성,교육사(장성),2022.12.12
7급,행정,임실,35사단,2022.12.12
7급,행정,홍천,3기갑여단,2022.12.12
7급,행정,고양,56사단,2022.12.12
7급,행정,논산,교육사(논산),2022.12.12
7급,행정,논산,교육사(논산),2022.12.12
7급,행정,남양주,1군지사(남양주),2022.12.12
7급,행정,영천,탄약사(영천),2022.12.12
7급,행정,고양,1군단,2022.12.12
7급,행정,제천,탄약사(제천),2022.12.12
7급,행정,포천,5군단,2022.12.12
7급,행정,남양주,동원전력사(남양주),2022.12.12
7급,행정,인제,3군단,2022.12.12
7급,행정,영천,육군3사관학교,2022.12.12
7급,행정,춘천,2군단,2022.12.12
7급,행정,원주,항공정비여단(원주),2022.12.12
7급,행정,대구,2작사,2022.12.12
7급,행정,고양,56사단,2022.12.12
7급,행정,춘천,2군단,2022.12.12
7급,행정,고양,60사단,2022.12.12
7급,행정,원주,지상작전사(원주),2022.12.12
7급,행정,가평,종합군수학교(가평),2022.12.12
7급,행정,세종,탄약사(세종),2022.12.12
7급,행정,화천,2군단(화천),2022.12.12
7급,행정,대구,2작사,2022.12.12
7급,행정,김포,수도군단(김포),2022.12.12
7급,행정,춘천,2군단,2022.12.12
7급,행정,창원,종합정비창,2022.12.12
7급,행정,대전,군수사,2022.12.12
7급,행정,춘천,2군단,2022.12.12
7급,행정,춘천,2군단,2022.12.12
7급,행정,이천,7군단,2022.12.12
7급,행정,대구,2작사,2022.12.12
7급,행정,창원,종합정비창,2022.12.12
7급,행정,인제,3군단,2022.12.12
7급,행정,영천,육군3사관학교,2022.12.12
7급,행정,계룡,인사사령부,2022.12.12
7급,행정,양구,21사단,2022.12.12
7급,행정,광명,52사단,2022.12.12
7급,행정,춘천,2군단,2022.12.12
7급,행정,영동,탄약사(영동),2022.12.12
7급,행정,계룡,육군본부 군사경찰실,2022.12.12
7급,행정,창원,탄약사(창원),2022.12.12
7급,행정,계룡,전투준비안전단,2022.12.12
7급,행정,대전,군수사,2022.12.12
7급,행정,영천,육군3사관학교,2022.12.12
7급,행정,이천,항공사령부,2022.12.12
7급,행정,양평,1군지사(양평),2022.12.12
7급,행정,포천,5군단,2022.12.12
7급,행정,논산,교육사(논산),2022.12.12
7급,행정,충주,탄약사(충주),2022.12.12
7급,행정,포천,5군단,2022.12.12
7급,행정,논산,교육사(논산),2022.12.12
7급,행정,춘천,2군단,2022.12.12
7급,행정,논산,교육사(논산),2022.12.12
7급,행정,홍천,11기동사단,2022.12.12
7급,화학분석,창원,종합정비창,2022.12.12
7급,화학분석,강릉,1군지사(강릉),2022.12.12
7급,환경,춘천,교육사(춘천),2022.12.12
7급,환경,서울,육군사관학교,2022.12.12
7급,환경,양평,1군지사(양평),2022.12.12
7급,환경,이천,항공사령부,2022.12.12
7급,환경,포천,5군수지원여단,2022.12.12
7급,환경,,,2022.12.12
7급,환경,대전,탄약사,2022.12.12
7급,환경,,,2022.12.12
7급,환경,원주,미사일전략사,2022.12.12
7급,환경,화성,51사단,2022.12.12
7급,기체,양주,1군단(양주),2023.05.01
7급,기체,,,2023.05.01
7급,물리분석,,,2023.05.01
7급,인쇄,,,2023.05.01
7급,토목,,,2023.05.01
7급,토목,,,2023.05.01
7급,군수,익산,7공수특전여단,2023.09.01
7급,군수,대전,탄약지원사령부,2023.09.01
7급,군수,인제,3공병여단,2023.09.01
7급,군수,원주,화력여단,2023.09.01
7급,군수,대전,탄약지원사령부,2023.09.01
7급,기체,대구,5군수지원사령부,2023.09.01
7급,물리분석,창원,종합정비창,2023.09.01
7급,사이버,원주,지상작전사령부(원주),2023.09.01
7급,사이버,원주,지상작전사령부(원주),2023.09.01
7급,인쇄,원주,1군수지원사령부,2023.09.01
7급,전산,연천,5사단,2023.09.01
7급,토목,서울,수도방위사령부,2023.09.01
7급,토목,인제,3공병여단,2023.09.01
7급,항공기관,논산,항공학교,2023.09.01
7급,행정,계룡,육군본부 감찰실,2023.09.01
7급,행정,계룡,인사사령부,2023.09.01
7급,행정,계룡,인사사령부,2023.09.01
7급,행정,인제,3군단,2023.09.01
7급,행정,고양,1군수지원여단,2023.09.01
7급,행정,포천,6사단,2023.09.01
7급,건축,양주,72사단,2023.12.01
7급,건축,남양주,73사단,2023.12.01
7급,건축,익산,7공수여단,2023.12.01
7급,건축,고양,60사단,2023.12.01
7급,건축,증평,13특임여단,2023.12.01
7급,건축,가평,66사단,2023.12.01
7급,건축,담양,11공수여단,2023.12.01
7급,건축,남양주,75사단,2023.12.01
7급,군사정보,화성,동원전력사령부(화성),2023.12.01
7급,군사정보,대구,50사단,2023.12.01
7급,군사정보,춘천,2포병여단,2023.12.01
7급,군사정보,인제,3포병여단,2023.12.01
7급,군사정보,고양,1군수지원여단,2023.12.01
7급,군사정보,춘천,2공병여단,2023.12.01
7급,군사정보,화천,15사단,2023.12.01
7급,군사정보,춘천,2군수지원여단,2023.12.01
7급,군사정보,고양,1포병여단,2023.12.01
7급,군사정보,포천,6사단,2023.12.01
7급,군사정보,전남 광주,31사단,2023.12.01
7급,군사정보,원주,36사단,2023.12.01
7급,군사정보,양구,21사단,2023.12.01
7급,군사정보,인제,3군수지원여단,2023.12.01
7급,군사정보,대구,50사단,2023.12.01
7급,군사정보,증평,동원전력사령부(증평),2023.12.01
7급,군사정보,세종,32사단,2023.12.01
7급,군사정보,화천,7사단,2023.12.01
7급,군사정보,전남 광주,동원전력사령부(전남 광주),2023.12.01
7급,군사정보,장성,공병학교,2023.12.01
7급,군사정보,전남 광주,31사단,2023.12.01
7급,군사정보,세종,32사단,2023.12.01
7급,군사정보,인제,3공병여단,2023.12.01
7급,군사정보,창녕,39사단,2023.12.01
7급,군사정보,세종,종합보급창,2023.12.01
7급,군사정보,부산,동원전력사령부(부산),2023.12.01
7급,군수,대구,50사단,2023.12.01
7급,군수,시흥,52사단(시흥),2023.12.01
7급,군수,시흥,52사단(시흥),2023.12.01
7급,군수,용인,지상작전사령부,2023.12.01
7급,군수,대구,50사단,2023.12.01
7급,군수,대구,50사단,2023.12.01
7급,군수,동두천,28사단,2023.12.01
7급,군수,춘천,2군수지원여단,2023.12.01
7급,군수,전남 광주,31사단,2023.12.01
7급,군수,고양,56사단,2023.12.01
7급,군수,춘천,2군수지원여단,2023.12.01
7급,군수,춘천,2군수지원여단,2023.12.01
7급,군수,양주,8기동사단,2023.12.01
7급,군수,고양,1공병여단,2023.12.01
7급,군수,안동,동원전력사령부(안동),2023.12.01
7급,군수,양평,7군단(양평),2023.12.01
7급,군수,인제,3군수지원여단,2023.12.01
7급,군수,전남 광주,동원전력사령부(전남 광주),2023.12.01
7급,군수,전남 광주,동원전력사령부(전남 광주),2023.12.01
7급,군수,홍천,3군수지원여단(홍천),2023.12.01
7급,군수,전남 광주,31사단,2023.12.01
7급,군수,홍천,11기동사단,2023.12.01
7급,군수,강릉,3군수지원여단(강릉),2023.12.01
7급,군수,가평,수기사단,2023.12.01
7급,군수,전남 광주,31사단,2023.12.01
7급,군수,전남 광주,31사단,2023.12.01
7급,군수,양평,7군단(양평),2023.12.01
7급,기체,포천,지상작전사령부(포천),2023.12.01
7급,수사,화천,15사단,2023.12.01
7급,시설,인제,3군수지원여단,2023.12.01
7급,시설,화성,51사단,2023.12.01
7급,시설,파주,2기갑여단,2023.12.01
7급,시설,포천,1기갑여단,2023.12.01
7급,시설,인천,17사단,2023.12.01
7급,시설,남양주,75사단,2023.12.01
7급,시설,고양,1포병여단,2023.12.01
7급,시설,화천,15사단,2023.12.01
7급,시설,강원 고성,102기갑여단(강원 고성),2023.12.01
7급,시설,남양주,56사단(남양주),2023.12.01
7급,시설,철원,3사단,2023.12.01
7급,시설,대구,50사단,2023.12.01
7급,시설,인천,17사단,2023.12.01
7급,시설,서울,수도방위사령부,2023.12.01
7급,시설,춘천,2군수지원여단,2023.12.01
7급,시설,화성,51사단,2023.12.01
7급,시설,경기 광주,지상작전사령부(경기 광주),2023.12.01
7급,시설,세종,32사단,2023.12.01
7급,시설,인제,3군단,2023.12.01
7급,시설,옥천,37사단(옥천),2023.12.01
7급,시설,인제,12사단,2023.12.01
7급,시설,강진,31사단(강진),2023.12.01
7급,시설,무안,31사단(무안),2023.12.01
7급,시설,순천,31사단(순천),2023.12.01
7급,시설,안양,52사단(안양),2023.12.01
7급,시설,양양,102기갑여단,2023.12.01
7급,시설,화천,7사단,2023.12.01
7급,시설,대구,50사단,2023.12.01
7급,시설,영천,2작전사령부(영천),2023.12.01
7급,시설,용인,55사단,2023.12.01
7급,시설,영천,50사단(영천),2023.12.01
7급,시설,임실,35사단,2023.12.01
7급,시설,합천,39사단(합천),2023.12.01
7급,시설,세종,32사단,2023.12.01
7급,시설,영천,2작전사령부(영천),2023.12.01
7급,영양관리,장성,보병학교,2023.12.01
7급,영양관리,고양,1공병여단,2023.12.01
7급,영양관리,홍천,11기동사단,2023.12.01
7급,영양관리,고양,1군수지원여단,2023.12.01
7급,영양관리,춘천,2군수지원여단,2023.12.01
7급,영양관리,가평,수기사단,2023.12.01
7급,영양관리,횡성,지상작전사령부(횡성),2023.12.01
7급,영양관리,춘천,2군단,2023.12.01
7급,영양관리,강릉,3공병여단(강릉),2023.12.01
7급,영양관리,이천,7공병여단,2023.12.01
7급,영양관리,전남 광주,31사단,2023.12.01
7급,영양관리,철원,6사단(철원),2023.12.01
7급,영양관리,고양,1공병여단,2023.12.01
7급,의무기록,전남 광주,31사단,2023.12.01
7급,토목,포천,5공병여단,2023.12.01
7급,토목,고양,1공병여단,2023.12.01
7급,토목,서울,수도군단(서울),2023.12.01
7급,토목,이천,7공병여단,2023.12.01
7급,행정,계룡,인사사령부,2023.12.01
7급,행정,서울,육사교,2023.12.01
7급,행정,계룡,인사사령부,2023.12.01
7급,행정,대구,2작전사령부,2023.12.01
7급,행정,대구,5군수지원사령부,2023.12.01
7급,행정,연천,5사단,2023.12.01
7급,행정,평택,인사사령부(평택),2023.12.01
7급,행정,이천,7공병여단,2023.12.01
7급,행정,원주,1군수지원사령부,2023.12.01
7급,행정,홍천,11기동사단,2023.12.01
7급,행정,남양주,7포병여단,2023.12.01
7급,행정,서울,수도방위사령부,2023.12.01
7급,행정,포천,6사단,2023.12.01
7급,행정,양평,2신속사단,2023.12.01
7급,행정,인제,3포병여단,2023.12.01
7급,행정,포천,1기갑여단,2023.12.01
7급,행정,홍천,11기동사단,2023.12.01
7급,행정,서울,수도방위사령부,2023.12.01
7급,행정,장성,교육사령부(장성),2023.12.01
7급,행정,포천,5군단,2023.12.01
7급,행정,횡성,지상작전사령부(횡성),2023.12.01
7급,행정,포천,5군수지원여단,2023.12.01
7급,행정,서울,수도방위사령부,2023.12.01
7급,행정,고양,1군수지원여단,2023.12.01
7급,행정,계룡,인사사령부,2023.12.01
7급,행정,용인,지상작전사령부,2023.12.01
7급,행정,계룡,인사사령부,2023.12.01
7급,행정,고양,1군수지원여단,2023.12.01
7급,행정,남양주,7포병여단,2023.12.01
7급,행정,인제,과학화전투훈련단,2023.12.01
7급,행정,이천,7군단,2023.12.01
7급,행정,화천,15사단,2023.12.01
7급,행정,안양,수도군단,2023.12.01
7급,행정,이천,7공병여단,2023.12.01
7급,행정,포천,5포병여단,2023.12.01
7급,행정,포천,5군수지원여단,2023.12.01
7급,행정,원주,화력여단,2023.12.01
7급,행정,안양,수도군단,2023.12.01
7급,행정,인제,3공병여단,2023.12.01
7급,행정,춘천,2포병여단,2023.12.01
7급,행정,포천,5군수지원여단,2023.12.01
7급,행정,양평,2신속사단,2023.12.01
7급,행정,원주,지상작전사령부(원주),2023.12.01
7급,행정,과천,1방공여단,2023.12.01
7급,행정,인제,3군수지원여단,2023.12.01
7급,행정,파주,1사단,2023.12.01
7급,행정,인제,3포병여단,2023.12.01
7급,행정,안양,수도군단,2023.12.01
7급,행정,고양,1군수지원여단,2023.12.01
7급,행정,포천,5군단,2023.12.01
7급,행정,고양,1군수지원여단,2023.12.01
7급,행정,포천,5군단,2023.12.01
7급,행정,서울,수도방위사령부,2023.12.01
7급,행정,의정부,지상작전사령부(의정부),2023.12.01
7급,행정,양주,1포병여단(양주),2023.12.01
7급,행정,철원,3사단,2023.12.01
7급,행정,용인,지상작전사령부,2023.12.01
7급,행정,포천,5군단,2023.12.01
7급,행정,가평,수기사단,2023.12.01
7급,행정,인천,17사단,2023.12.01
7급,행정,가평,수기사단,2023.12.01
7급,행정,인천,17사단,2023.12.01
7급,행정,시흥,수도포병여단,2023.12.01
7급,행정,포천,5군수지원여단,2023.12.01
7급,행정,인제,3군수지원여단,2023.12.01
7급,행정,연천,5사단,2023.12.01
7급,행정,논산,육군훈련소,2023.12.01
7급,행정,포천,1기갑여단,2023.12.01
7급,행정,이천,정보학교,2023.12.01
7급,행정,계룡,인사사령부,2023.12.01
7급,행정,장성,교육사령부(장성),2023.12.01
7급,행정,장성,화생방학교,2023.12.01
7급,행정,계룡,육군본부 정책실,2023.12.01
7급,행정,남양주,7포병여단,2023.12.01
7급,행정,익산,부사관학교,2023.12.01
7급,행정,포천,6사단,2023.12.01
7급,행정,용인,지상작전사령부,2023.12.01
7급,행정,장성,기계화학교,2023.12.01
7급,행정,계룡,인사사령부,2023.12.01
7급,행정,동두천,28사단,2023.12.01
7급,행정,장성,보병학교,2023.12.01
7급,행정,홍천,3기갑여단,2023.12.01
7급,행정,이천,7군단,2023.12.01
7급,행정,고양,30기갑여단,2023.12.01
7급,행정,춘천,2포병여단,2023.12.01
7급,행정,장성,5군수지원사령부(장성),2023.12.01
7급,행정,대구,5군수지원사령부,2023.12.01
7급,행정,계룡,인사사령부,2023.12.01
7급,행정,계룡,인사사령부,2023.12.01
7급,토목,,,2023.12.01
7급,토목,,,2023.12.01
7급,군수,포천,6사단,2024.03.01
7급,군수,포천,6사단,2024.03.01
7급,토목,춘천,2공병여단,2024.03.01
7급,통신,포천,5군단,2024.03.01
7급,행정,인제,12사단,2024.03.01
7급,행정,홍천,3군수지원여단(홍천),2024.03.01
7급,행정,포천,6사단,2024.03.01
7급,행정,동두천,28사단,2024.03.01
7급,행정,철원,3사단,2024.03.01
7급,행정,연천,5사단,2024.03.01
7급,토목,,,2024.03.01
7급,군수,포천,6사단,2024.03.01
7급,군수,포천,6사단,2024.03.01
7급,토목,춘천,2공병여단,2024.03.01
7급,통신,포천,5군단,2024.03.01
7급,행정,인제,12사단,2024.03.01
7급,행정,홍천,3군수지원여단(홍천),2024.03.01
7급,행정,포천,6사단,2024.03.01
7급,행정,동두천,28사단,2024.03.01
7급,행정,철원,3사단,2024.03.01
7급,행정,연천,5사단,2024.03.01
7급,토목,,,2024.03.01
7급,토목,포천,5공병여단,2024.05.01
7급,군수,포천,5군수지원여단,2024.08.01
7급,군수,양평,7군수지원단,2024.08.01
7급,군수,인제,3군수지원여단,2024.08.01
7급,군수,인제,3군수지원여단,2024.08.01
7급,전자,음성,미사일사령부,2024.08.01
7급,행정,인제,103정보통신단,2024.08.01
7급,행정,포천,5군단,2024.08.01
7급,행정,계룡,인사사령부,2024.08.01
7급,행정,춘천,교육사령부,2024.08.01
7급,행정,서울,인사사령부,2024.08.01
7급,군수,포천,5공병여단,2025.05.01
7급,수사,광주,육군검찰단,2025.08.01
7급,수사,양구,육군검찰단,2025.08.01
7급,전산,화천,7사단,2025.08.01
7급,전차,인제,12사단,2025.08.01
7급,행정,인제,3포병여단,2025.08.01
7급,행정,양주,8기동사단,2025.11.01
7급,행정,가평,수기사단,2025.12.01
7급,행정,연천,5사단,2026.04.01
7급,행정,양주,8기동사단,2026.04.01
7급,행정,양구,21사단,2026.04.01
7급,행정,포천,5공병여단,2026.04.01
7급,행정,춘천,2공병여단,2026.04.01
7급,행정,인제,3공병여단,2026.04.01
7급,행정,포천,5군지여단,2026.04.01
7급,행정,철원,3사단,2026.04.01
7급,행정,포천,5공병여단,2026.04.01
7급,행정,가평,수기사단,2026.04.01
7급,군수,고양,1군단,2026.04.01
7급,군수,인제,3군단,2026.04.01
7급,통신,포천,5군단,2026.04.01
7급,행정,포천,5군단,2026.04.01
7급,행정,포천,5군단,2026.04.01
7급,행정,인제,3군단,2026.04.01
7급,행정,가평,66사단,2026.04.01
7급,건축,대구,2작전사,2026.04.01
7급,군사정보,인제,12사단,2026.04.01
7급,군사정보,인제,12사단,2026.04.01
7급,군수,홍천,11기동사단,2026.04.01
7급,기체,포천,15항공단,2026.04.01
7급,기체,춘천,12항공단,2026.04.01
7급,사이버,계룡,사이버작전센터,2026.04.01
7급,영양관리,대구,50사단,2026.04.01
7급,전산,대전,군수사,2026.04.01
7급,전산,대전,군수사,2026.04.01
7급,전산,이천,정보학교,2026.04.01
7급,차량,양평,7군수지원단,2026.04.01
7급,총포,춘천,2공병여단,2026.04.01
7급,토목,대구,2작전사,2026.04.01
7급,행정,인제,12사단,2026.04.01
7급,행정,인제,12사단,2026.04.01
7급,건축,담양,11공수여단,2026.04.01
7급,건축,고양,60사단,2026.04.01
7급,건축,계룡,군수사,2026.04.01
7급,건축,원주,미사일사,2026.04.01
7급,군수,인제,12사단,2026.04.01
7급,물리분석,대전,탄약사,2026.04.01
7급,수사,연천,5사단,2026.04.01
7급,의무기록,부산,53사단,2026.04.01
7급,의무기록,임실,35사단,2026.04.01
7급,전기,양구,21사단,2026.04.01
7급,전차,포천,5군지여단,2026.04.01
7급,토목,인제,3공병여단,2026.04.01
7급,토목,춘천,2공병여단,2026.04.01
7급,항공기관,인제,3군단,2026.04.01
7급,항공기관,춘천,2군단,2026.04.01
7급,행정,포천,5공병여단,2026. 05. 01
7급,행정,원주,1군지사,2026. 05. 01
7급,행정,양양,102기갑여단,2026. 05. 01
7급,물리분석,,,2026. 05. 01
7급,일반기계,,,2026. 05. 01
7급,일반기계,,,2026. 05. 01
7급,일반기계,,,2026. 05. 01
7급,일반기계,,,2026. 05. 01
7급,일반기계,,,2026. 05. 01
7급,전차,,,2026. 05. 01
7급,전차,,,2026. 05. 01
7급,전차,,,2026. 05. 01
7급,전차,,,2026. 05. 01
7급,전차,,,2026. 05. 01
7급,전차,,,2026. 05. 01
7급,전차,,,2026. 05. 01
7급,항공기관,,,2026. 05. 01
7급,항공기관,,,2026. 05. 01
7급,일반기계,증평,37사단,2026. 05. 01
7급,항공기관,논산,항공학교,2026. 05. 01
7급,항공기관,논산,항공학교,2026. 05. 01
7급,물리분석,,,2026. 05. 01
7급,일반기계,,,2026. 05. 01
7급,일반기계,,,2026. 05. 01
7급,일반기계,,,2026. 05. 01
7급,전차,,,2026. 05. 01
7급,전차,,,2026. 05. 01
7급,전차,,,2026. 05. 01
7급,전차,,,2026. 05. 01
7급,전차,,,2026. 05. 01
7급,전차,,,2026. 05. 01
7급,전차,,,2026. 05. 01
